,IMDb Id,Companion(split),Actor
0,0562828,Ian Chesterton,William Russell
1,0562828,Barbara Wright,Jacqueline Hill
2,0562828,Susan Foreman,Carole Ann Ford
3,0782279,Ian Chesterton,William Russell
4,0782279,Barbara Wright,Jacqueline Hill
5,0782279,Susan Foreman,Carole Ann Ford
6,0805109,Ian Chesterton,William Russell
7,0805109,Barbara Wright,Jacqueline Hill
8,0805109,Susan Foreman,Carole Ann Ford
9,0813250,Ian Chesterton,William Russell
10,0813250,Barbara Wright,Jacqueline Hill
11,0813250,Susan Foreman,Carole Ann Ford
12,0562905,Ian Chesterton,William Russell
13,0562905,Barbara Wright,Jacqueline Hill
14,0562905,Susan Foreman,Carole Ann Ford
15,0819441,Ian Chesterton,William Russell
16,0819441,Barbara Wright,Jacqueline Hill
17,0819441,Susan Foreman,Carole Ann Ford
18,0777345,Ian Chesterton,William Russell
19,0777345,Barbara Wright,Jacqueline Hill
20,0777345,Susan Foreman,Carole Ann Ford
21,0819440,Ian Chesterton,William Russell
22,0819440,Barbara Wright,Jacqueline Hill
23,0819440,Susan Foreman,Carole Ann Ford
24,0769064,Ian Chesterton,William Russell
25,0769064,Barbara Wright,Jacqueline Hill
26,0769064,Susan Foreman,Carole Ann Ford
27,0769065,Ian Chesterton,William Russell
28,0769065,Barbara Wright,Jacqueline Hill
29,0769065,Susan Foreman,Carole Ann Ford
30,0777344,Ian Chesterton,William Russell
31,0777344,Barbara Wright,Jacqueline Hill
32,0777344,Susan Foreman,Carole Ann Ford
33,0756850,Ian Chesterton,William Russell
34,0756850,Barbara Wright,Jacqueline Hill
35,0756850,Susan Foreman,Carole Ann Ford
36,0769062,Ian Chesterton,William Russell
37,0769062,Barbara Wright,Jacqueline Hill
38,0769062,Susan Foreman,Carole Ann Ford
39,0562858,Ian Chesterton,William Russell
40,0562858,Barbara Wright,Jacqueline Hill
41,0562858,Susan Foreman,Carole Ann Ford
42,0769067,Ian Chesterton,William Russell
43,0769067,Barbara Wright,Jacqueline Hill
44,0769067,Susan Foreman,Carole Ann Ford
45,0809982,Ian Chesterton,William Russell
46,0809982,Barbara Wright,Jacqueline Hill
47,0809982,Susan Foreman,Carole Ann Ford
48,0769068,Ian Chesterton,William Russell
49,0769068,Barbara Wright,Jacqueline Hill
50,0769068,Susan Foreman,Carole Ann Ford
51,0805214,Ian Chesterton,William Russell
52,0805214,Barbara Wright,Jacqueline Hill
53,0805214,Susan Foreman,Carole Ann Ford
54,0769059,Ian Chesterton,William Russell
55,0769059,Barbara Wright,Jacqueline Hill
56,0769059,Susan Foreman,Carole Ann Ford
57,0809981,Ian Chesterton,William Russell
58,0809981,Barbara Wright,Jacqueline Hill
59,0809981,Susan Foreman,Carole Ann Ford
60,0562926,Ian Chesterton,William Russell
61,0562926,Barbara Wright,Jacqueline Hill
62,0562926,Susan Foreman,Carole Ann Ford
63,0809986,Ian Chesterton,William Russell
64,0809986,Barbara Wright,Jacqueline Hill
65,0809986,Susan Foreman,Carole Ann Ford
66,0769066,Ian Chesterton,William Russell
67,0769066,Barbara Wright,Jacqueline Hill
68,0769066,Susan Foreman,Carole Ann Ford
69,0809984,Ian Chesterton,William Russell
70,0809984,Barbara Wright,Jacqueline Hill
71,0809984,Susan Foreman,Carole Ann Ford
72,0809983,Ian Chesterton,William Russell
73,0809983,Barbara Wright,Jacqueline Hill
74,0809983,Susan Foreman,Carole Ann Ford
75,0829417,Ian Chesterton,William Russell
76,0829417,Barbara Wright,Jacqueline Hill
77,0829417,Susan Foreman,Carole Ann Ford
78,0562894,Ian Chesterton,William Russell
79,0562894,Barbara Wright,Jacqueline Hill
80,0562894,Susan Foreman,Carole Ann Ford
81,0805215,Ian Chesterton,William Russell
82,0805215,Barbara Wright,Jacqueline Hill
83,0805215,Susan Foreman,Carole Ann Ford
84,0769061,Ian Chesterton,William Russell
85,0769061,Barbara Wright,Jacqueline Hill
86,0769061,Susan Foreman,Carole Ann Ford
87,0830292,Ian Chesterton,William Russell
88,0830292,Barbara Wright,Jacqueline Hill
89,0830292,Susan Foreman,Carole Ann Ford
90,0562953,Ian Chesterton,William Russell
91,0562953,Barbara Wright,Jacqueline Hill
92,0562953,Susan Foreman,Carole Ann Ford
93,0809985,Ian Chesterton,William Russell
94,0809985,Barbara Wright,Jacqueline Hill
95,0809985,Susan Foreman,Carole Ann Ford
96,0769057,Ian Chesterton,William Russell
97,0769057,Barbara Wright,Jacqueline Hill
98,0769057,Susan Foreman,Carole Ann Ford
99,0809980,Ian Chesterton,William Russell
100,0809980,Barbara Wright,Jacqueline Hill
101,0809980,Susan Foreman,Carole Ann Ford
102,0769058,Ian Chesterton,William Russell
103,0769058,Barbara Wright,Jacqueline Hill
104,0769058,Susan Foreman,Carole Ann Ford
105,0769055,Ian Chesterton,William Russell
106,0769055,Barbara Wright,Jacqueline Hill
107,0769055,Susan Foreman,Carole Ann Ford
108,0562944,Ian Chesterton,William Russell
109,0562944,Barbara Wright,Jacqueline Hill
110,0562944,Susan Foreman,Carole Ann Ford
111,0769056,Ian Chesterton,William Russell
112,0769056,Barbara Wright,Jacqueline Hill
113,0769056,Susan Foreman,Carole Ann Ford
114,0785282,Ian Chesterton,William Russell
115,0785282,Barbara Wright,Jacqueline Hill
116,0785282,Susan Foreman,Carole Ann Ford
117,0785310,Ian Chesterton,William Russell
118,0785310,Barbara Wright,Jacqueline Hill
119,0785310,Susan Foreman,Carole Ann Ford
120,0769054,Ian Chesterton,William Russell
121,0769054,Barbara Wright,Jacqueline Hill
122,0769054,Susan Foreman,Carole Ann Ford
123,0769060,Ian Chesterton,William Russell
124,0769060,Barbara Wright,Jacqueline Hill
125,0769060,Susan Foreman,Carole Ann Ford
126,0562867,Ian Chesterton,William Russell
127,0562867,Barbara Wright,Jacqueline Hill
128,0562867,Susan Foreman,Carole Ann Ford
129,0776941,Ian Chesterton,William Russell
130,0776941,Barbara Wright,Jacqueline Hill
131,0776941,Susan Foreman,Carole Ann Ford
132,0776940,Ian Chesterton,William Russell
133,0776940,Barbara Wright,Jacqueline Hill
134,0776940,Susan Foreman,Carole Ann Ford
135,0562904,Ian Chesterton,William Russell
136,0562904,Barbara Wright,Jacqueline Hill
137,0562904,Susan Foreman,Carole Ann Ford
138,0776951,Ian Chesterton,William Russell
139,0776951,Barbara Wright,Jacqueline Hill
140,0776951,Susan Foreman,Carole Ann Ford
141,0776942,Ian Chesterton,William Russell
142,0776942,Barbara Wright,Jacqueline Hill
143,0776942,Susan Foreman,Carole Ann Ford
144,0776955,Ian Chesterton,William Russell
145,0776955,Barbara Wright,Jacqueline Hill
146,0776955,Susan Foreman,Carole Ann Ford
147,0776961,Ian Chesterton,William Russell
148,0776961,Barbara Wright,Jacqueline Hill
149,0776961,Susan Foreman,Carole Ann Ford
150,0776945,Ian Chesterton,William Russell
151,0776945,Barbara Wright,Jacqueline Hill
152,0776945,Susan Foreman,Carole Ann Ford
153,0562945,Ian Chesterton,William Russell
154,0562945,Barbara Wright,Jacqueline Hill
155,0562945,Vicki,Maureen O'Brien
156,0776943,Ian Chesterton,William Russell
157,0776943,Barbara Wright,Jacqueline Hill
158,0776943,Vicki,Maureen O'Brien
159,0562948,Ian Chesterton,William Russell
160,0562948,Barbara Wright,Jacqueline Hill
161,0562948,Vicki,Maureen O'Brien
162,0776936,Ian Chesterton,William Russell
163,0776936,Barbara Wright,Jacqueline Hill
164,0776936,Vicki,Maureen O'Brien
165,0776938,Ian Chesterton,William Russell
166,0776938,Barbara Wright,Jacqueline Hill
167,0776938,Vicki,Maureen O'Brien
168,0776947,Ian Chesterton,William Russell
169,0776947,Barbara Wright,Jacqueline Hill
170,0776947,Vicki,Maureen O'Brien
171,0562975,Ian Chesterton,William Russell
172,0562975,Barbara Wright,Jacqueline Hill
173,0562975,Vicki,Maureen O'Brien
174,0776964,Ian Chesterton,William Russell
175,0776964,Barbara Wright,Jacqueline Hill
176,0776964,Vicki,Maureen O'Brien
177,0776944,Ian Chesterton,William Russell
178,0776944,Vicki,Maureen O'Brien
179,0776939,Ian Chesterton,William Russell
180,0776939,Barbara Wright,Jacqueline Hill
181,0776939,Vicki,Maureen O'Brien
182,0776948,Ian Chesterton,William Russell
183,0776948,Barbara Wright,Jacqueline Hill
184,0776948,Vicki,Maureen O'Brien
185,0776950,Ian Chesterton,William Russell
186,0776950,Barbara Wright,Jacqueline Hill
187,0776950,Vicki,Maureen O'Brien
188,0562901,Ian Chesterton,William Russell
189,0562901,Barbara Wright,Jacqueline Hill
190,0562901,Vicki,Maureen O'Brien
191,0776957,Ian Chesterton,William Russell
192,0776957,Barbara Wright,Jacqueline Hill
193,0776957,Vicki,Maureen O'Brien
194,0776957,Joanna,Jean Marsh
195,0776963,Ian Chesterton,William Russell
196,0776963,Barbara Wright,Jacqueline Hill
197,0776963,Vicki,Maureen O'Brien
198,0776963,Joanna,Jean Marsh
199,0776962,Ian Chesterton,William Russell
200,0776962,Barbara Wright,Jacqueline Hill
201,0776962,Vicki,Maureen O'Brien
202,0562957,Ian Chesterton,William Russell
203,0562957,Barbara Wright,Jacqueline Hill
204,0562957,Vicki,Maureen O'Brien
205,0776954,Ian Chesterton,William Russell
206,0776954,Barbara Wright,Jacqueline Hill
207,0776954,Vicki,Maureen O'Brien
208,0776960,Ian Chesterton,William Russell
209,0776960,Barbara Wright,Jacqueline Hill
210,0776960,Vicki,Maureen O'Brien
211,0776956,Ian Chesterton,William Russell
212,0776956,Barbara Wright,Jacqueline Hill
213,0776956,Vicki,Maureen O'Brien
214,0562898,Ian Chesterton,William Russell
215,0562898,Barbara Wright,Jacqueline Hill
216,0562898,Vicki,Maureen O'Brien
217,0776953,Ian Chesterton,William Russell
218,0776953,Barbara Wright,Jacqueline Hill
219,0776953,Vicki,Maureen O'Brien
220,0776946,Ian Chesterton,William Russell
221,0776946,Barbara Wright,Jacqueline Hill
222,0776946,Vicki,Maureen O'Brien
223,0776946,Morton Dill,Peter Purves
224,0776949,Ian Chesterton,William Russell
225,0776949,Barbara Wright,Jacqueline Hill
226,0776949,Vicki,Maureen O'Brien
227,0776952,Ian Chesterton,William Russell
228,0776952,Barbara Wright,Jacqueline Hill
229,0776952,Vicki,Maureen O'Brien
230,0776959,Ian Chesterton,William Russell
231,0776959,Barbara Wright,Jacqueline Hill
232,0776959,Vicki,Maureen O'Brien
233,0776959,Steven Taylor,Peter Purves
234,0562964,Vicki,Maureen O'Brien
235,0562964,Steven Taylor,Peter Purves
236,0776958,Vicki,Maureen O'Brien
237,0776958,Steven,Peter Purves
238,0776935,Vicki,Maureen O'Brien
239,0776935,Steven Taylor,Peter Purves
240,0776937,Vicki,Maureen O'Brien
241,0776937,Steven Taylor,Peter Purves
242,0562849,Vicki,Maureen O'Brien
243,0562849,Steven Taylor,Peter Purves
244,0785311,Steven Taylor,Peter Purves
245,0785311,Vicki,Maureen O'Brien
246,0785283,Steven Taylor,Peter Purves
247,0785283,Vicki,Maureen O'Brien
248,0785301,Vicki,Maureen O'Brien
249,0785301,Steven Taylor,Peter Purves
250,0562940,Steven Taylor,Peter Purves
251,0562940,Vicki,Maureen O'Brien
252,0785297,Vicki,Maureen O'Brien
253,0785297,Steven Taylor,Peter Purves
254,0785288,Vicki,Maureen O'Brien
255,0785288,Steven Taylor,Peter Purves
256,0785294,Vicki,Maureen O'Brien
257,0785294,Steven Taylor,Peter Purves
258,0785294,Katarina,Adrienne Hill
259,0562906,Katarina,Adrienne Hill
260,0562906,Steven Taylor,Peter Purves
261,0562906,Bret Vyon,Nicholas Courtney
262,0785287,Katarina,Adrienne Hill
263,0785287,Bret Vyon,Nicholas Courtney
264,0785287,Steven Taylor,Peter Purves
265,0785290,Bret Vyon,Nicholas Courtney
266,0785290,Steven Taylor,Peter Purves
267,0785290,Katarina,Adrienne Hill
268,0785309,Bret Vyon,Nicholas Courtney
269,0785309,Steven Taylor,Peter Purves
270,0785309,Katarina,Adrienne Hill
271,0785309,Sara Kingdom,Jean Marsh
272,0785286,Steven Taylor,Peter Purves
273,0785286,Sara Kingdom,Jean Marsh
274,0785285,Steven Taylor,Peter Purves
275,0785285,Sara Kingdom,Jean Marsh
276,0785302,Steven Taylor,Peter Purves
277,0785302,Sara Kingdom,Jean Marsh
278,0785312,Steven Taylor,Peter Purves
279,0785312,Sara Kingdom,Jean Marsh
280,0785293,Steven Taylor,Peter Purves
281,0785293,Sara Kingdom,Jean Marsh
282,0785292,Steven Taylor,Peter Purves
283,0785292,Sara Kingdom,Jean Marsh
284,0785298,Steven Taylor,Peter Purves
285,0785298,Sara Kingdom,Jean Marsh
286,0785289,Steven Taylor,Peter Purves
287,0785289,Sara Kingdom,Jean Marsh
288,0562933,Steven Taylor,Peter Purves
289,0785308,Steven Taylor,Peter Purves
290,0785296,Steven Taylor,Peter Purves
291,0785284,Steven Taylor,Peter Purves
292,0785284,Dodo Chaplet,Jackie Lane
293,0562890,Dodo,Jackie Lane
294,0562890,Steven Taylor,Peter Purves
295,0785306,Steven Taylor,Peter Purves
296,0785306,Dodo,Jackie Lane
297,0785307,Steven Taylor,Peter Purves
298,0785307,Dodo,Jackie Lane
299,0785299,Steven Taylor,Peter Purves
300,0785299,Dodo,Jackie Lane
301,0562897,Steven Taylor,Peter Purves
302,0562897,Dodo Chaplet,Jackie Lane
303,0785304,Steven Taylor,Peter Purves
304,0785304,Dodo,Jackie Lane
305,0785300,Steven Taylor,Peter Purves
306,0785300,Dodo,Jackie Lane
307,0785303,Steven Taylor,Peter Purves
308,0785303,Dodo,Jackie Lane
309,0562916,Steven,Peter Purves
310,0562916,Dodo,Jackie Lane
311,0785291,Steven,Peter Purves
312,0785291,Dodo,Jackie Lane
313,0785295,Steven,Peter Purves
314,0785295,Dodo,Jackie Lane
315,0785305,Steven,Peter Purves
316,0785305,Dodo,Jackie Lane
317,0562949,Dodo,Jackie Lane
318,0562949,Steven Taylor,Peter Purves
319,0807265,Dodo,Jackie Lane
320,0807265,Steven Taylor,Peter Purves
321,0807266,Dodo,Jackie Lane
322,0807266,Steven Taylor,Peter Purves
323,0807267,Dodo,Jackie Lane
324,0807267,Steven Taylor,Peter Purves
325,0562974,Dodo,Jackie Lane
326,0562974,Polly,Anneke Wills
327,0562974,Ben,Michael Craze
328,0807268,Dodo Chaplet,Jackie Lane
329,0807268,Ben,Michael Craze
330,0807268,Polly,Anneke Wills
331,0807269,Ben,Michael Craze
332,0807269,Polly,Anneke Wills
333,0807270,Ben,Michael Craze
334,0807270,Polly,Anneke Wills
335,0562955,Polly,Anneke Wills
336,0562955,Ben,Michael Craze
337,0810587,Polly,Anneke Wills
338,0810587,Ben,Michael Craze
339,0810588,Polly,Anneke Wills
340,0810588,Ben,Michael Craze
341,0810589,Polly,Anneke Wills
342,0810589,Ben,Michael Craze
343,0562962,Polly,Anneke Wills
344,0562962,Ben,Michael Craze
345,0810590,Ben,Michael Craze
346,0810590,Polly,Anneke Wills
347,0810591,Polly,Anneke Wills
348,0810591,Ben,Michael Craze
349,0810592,Polly,Anneke Wills
350,0810592,Ben,Michael Craze
351,0562943,Polly,Anneke Wills
352,0562943,Ben,Michael Craze
353,0810582,Polly,Anneke Wills
354,0810582,Ben,Michael Craze
355,0810583,Polly,Anneke Wills
356,0810583,Ben,Michael Craze
357,0810584,Ben,Michael Craze
358,0810585,Polly,Anneke Wills
359,0810586,Polly,Anneke Wills
360,0810586,Ben,Michael Craze
361,0562919,Ben,Michael Craze
362,0562919,Jamie McCrimmon,Frazer Hines
363,0562919,Polly,Anneke Wills
364,0810573,Ben,Michael Craze
365,0810573,Jamie McCrimmon,Frazer Hines
366,0810573,Polly,Anneke Wills
367,0810574,Ben,Michael Craze
368,0810574,Jamie McCrimmon,Frazer Hines
369,0810574,Polly,Anneke Wills
370,0810575,Ben,Michael Craze
371,0810575,Jamie McCrimmon,Frazer Hines
372,0810575,Polly,Anneke Wills
373,0562971,Ben,Michael Craze
374,0562971,Jamie,Frazer Hines
375,0562971,Polly,Anneke Wills
376,0810593,Polly,Anneke Wills
377,0810593,Ben,Michael Craze
378,0810593,Jamie,Frazer Hines
379,0810594,Ben,Michael Craze
380,0810594,Polly,Anneke Wills
381,0810594,Jamie,Frazer Hines
382,0810595,Ben,Michael Craze
383,0810595,Jamie,Frazer Hines
384,0810595,Polly,Anneke Wills
385,0562937,Jamie,Frazer Hines
386,0562937,Polly,Anneke Wills
387,0562937,Ben,Michael Craze
388,0810579,Jamie,Frazer Hines
389,0810579,Polly,Anneke Wills
390,0810579,Ben,Michael Craze
391,0810580,Polly,Anneke Wills
392,0810580,Ben,Michael Craze
393,0810580,Jamie,Frazer Hines
394,0810580,Cyberman,John Levene
395,0810581,Jamie,Frazer Hines
396,0810581,Polly,Anneke Wills
397,0810581,Ben,Michael Craze
398,0562930,Jamie,Frazer Hines
399,0562930,Polly,Anneke Wills
400,0562930,Ben,Michael Craze
401,0810576,Jamie,Frazer Hines
402,0810576,Ben,Michael Craze
403,0810576,Polly,Anneke Wills
404,0810577,Jamie,Frazer Hines
405,0810577,Ben,Michael Craze
406,0810577,Polly,Anneke Wills
407,0810578,Jamie,Frazer Hines
408,0810578,Ben,Michael Craze
409,0810578,Polly,Anneke Wills
410,0562913,Ben,Michael Craze
411,0562913,Polly,Anneke Wills
412,0562913,Jamie,Frazer Hines
413,0810568,Jamie,Frazer Hines
414,0810568,Polly,Anneke Wills
415,0810568,Ben,Michael Craze
416,0810569,Jamie,Frazer Hines
417,0810569,Ben,Michael Craze
418,0810570,Jamie,Frazer Hines
419,0810571,Jamie,Frazer Hines
420,0810572,Jamie,Frazer Hines
421,0810572,Polly,Anneke Wills
422,0810572,Ben,Michael Craze
423,0562911,Jamie,Frazer Hines
424,0810562,Jamie,Frazer Hines
425,0810562,Victoria Waterfield,Deborah Watling
426,0810563,Jamie,Frazer Hines
427,0810563,Victoria Waterfield,Deborah Watling
428,0810564,Jamie,Frazer Hines
429,0810564,Victoria Waterfield,Deborah Watling
430,0810565,Jamie,Frazer Hines
431,0810565,Victoria Waterfield,Deborah Watling
432,0810566,Jamie,Frazer Hines
433,0810566,Victoria Waterfield,Deborah Watling
434,0810567,Jamie,Frazer Hines
435,0810567,Victoria Waterfield,Deborah Watling
436,0562967,Jamie,Frazer Hines
437,0562967,Victoria,Deborah Watling
438,0811466,Victoria,Deborah Watling
439,0811466,Jamie,Frazer Hines
440,0811467,Jamie,Frazer Hines
441,0811467,Victoria,Deborah Watling
442,0811468,Jamie,Frazer Hines
443,0811468,Victoria,Deborah Watling
444,0810572,Jamie,Frazer Hines
445,0810572,Polly,Anneke Wills
446,0810572,Ben,Michael Craze
447,0811447,Jamie,Frazer Hines
448,0811447,Victoria,Deborah Watling
449,0811448,Jamie,Frazer Hines
450,0811448,Victoria,Deborah Watling
451,0811449,Jamie,Frazer Hines
452,0811449,Victoria,Deborah Watling
453,0811450,Jamie,Frazer Hines
454,0811450,Victoria,Deborah Watling
455,0811451,Jamie,Frazer Hines
456,0811451,Victoria,Deborah Watling
457,0562921,Jamie,Frazer Hines
458,0562921,Victoria,Deborah Watling
459,0811305,Victoria,Deborah Watling
460,0811305,Jamie,Frazer Hines
461,0811306,Jamie,Frazer Hines
462,0811306,Victoria,Deborah Watling
463,0811307,Jamie,Frazer Hines
464,0811307,Victoria,Deborah Watling
465,0811308,Jamie,Frazer Hines
466,0811308,Victoria,Deborah Watling
467,0811309,Jamie,Frazer Hines
468,0811309,Victoria,Deborah Watling
469,0562910,Jamie,Frazer Hines
470,0562910,Victoria,Deborah Watling
471,0811295,Jamie,Frazer Hines
472,0811295,Victoria,Deborah Watling
473,0811296,Jamie,Frazer Hines
474,0811296,Victoria,Deborah Watling
475,0811298,Jamie,Frazer Hines
476,0811298,Victoria,Deborah Watling
477,0811299,Jamie,Frazer Hines
478,0811299,Victoria,Deborah Watling
479,0562976,Jamie,Frazer Hines
480,0562976,Victoria,Deborah Watling
481,0562976,Yeti,John Levene
482,0811365,Jamie,Frazer Hines
483,0811365,Victoria,Deborah Watling
484,0811365,Yeti,John Levene
485,0811366,Jamie,Frazer Hines
486,0811366,Victoria,Deborah Watling
487,0811366,Col. Lethbridge-Stewart,Nicholas Courtney
488,0811367,Jamie,Frazer Hines
489,0811367,Victoria,Deborah Watling
490,0811367,Col. Lethbridge-Stewart,Nicholas Courtney
491,0811367,Yeti,John Levene
492,0811368,Jamie,Frazer Hines
493,0811368,Col. Lethbridge-Stewart,Nicholas Courtney
494,0811368,Victoria,Deborah Watling
495,0811368,Yeti,John Levene
496,0811369,Jamie,Frazer Hines
497,0811369,Col. Lethbridge-Stewart,Nicholas Courtney
498,0811369,Victoria,Deborah Watling
499,0811369,Yeti,John Levene
500,0562848,Jamie,Frazer Hines
501,0562848,Victoria Waterfield,Deborah Watling
502,0811242,Jamie,Frazer Hines
503,0811242,Victoria Waterfield,Deborah Watling
504,0811243,Jamie,Frazer Hines
505,0811243,Victoria Waterfield,Deborah Watling
506,0811244,Jamie,Frazer Hines
507,0811244,Victoria Waterfield,Deborah Watling
508,0811245,Jamie,Frazer Hines
509,0811245,Victoria Waterfield,Deborah Watling
510,0811246,Jamie,Frazer Hines
511,0811246,Victoria Waterfield,Deborah Watling
512,0562977,Jamie,Frazer Hines
513,0562977,Victoria Waterfield,Deborah Watling
514,0811370,Jamie,Frazer Hines
515,0811370,Zoe,Wendy Padbury
516,0811371,Jamie,Frazer Hines
517,0811371,Zoe,Wendy Padbury
518,0811372,Jamie,Frazer Hines
519,0811372,Zoe,Wendy Padbury
520,0811373,Jamie,Frazer Hines
521,0811373,Zoe,Wendy Padbury
522,0811374,Jamie,Frazer Hines
523,0811374,Zoe,Wendy Padbury
524,0562908,Jamie,Frazer Hines
525,0562908,Zoe,Wendy Padbury
526,0811452,Jamie,Frazer Hines
527,0811452,Zoe,Wendy Padbury
528,0811453,Zoe,Wendy Padbury
529,0811453,Jamie,Frazer Hines
530,0811454,Zoe,Wendy Padbury
531,0811454,Jamie,Frazer Hines
532,0811455,Zoe,Wendy Padbury
533,0811455,Jamie,Frazer Hines
534,0562934,Jamie,Frazer Hines
535,0562934,Zoe,Wendy Padbury
536,0811456,Jamie,Frazer Hines
537,0811456,Zoe,Wendy Padbury
538,0811457,Jamie,Frazer Hines
539,0811457,Zoe,Wendy Padbury
540,0811458,Jamie,Frazer Hines
541,0811458,Zoe,Wendy Padbury
542,0811459,Jamie,Frazer Hines
543,0811459,Zoe,Wendy Padbury
544,0562922,Jamie,Frazer Hines
545,0562922,Zoe,Wendy Padbury
546,0562922,Benton,John Levene
547,0811310,Jamie,Frazer Hines
548,0811310,Benton,John Levene
549,0811310,Zoe,Wendy Padbury
550,0811310,Brigadier Lethbridge-Stewart,Nicholas Courtney
551,0811311,Jamie,Frazer Hines
552,0811311,Brigadier Lethbridge-Stewart,Nicholas Courtney
553,0811311,Benton,John Levene
554,0811312,Jamie,Frazer Hines
555,0811312,Zoe,Wendy Padbury
556,0811312,Brigadier Lethbridge-Stewart,Nicholas Courtney
557,0811313,Jamie,Frazer Hines
558,0811313,Zoe,Wendy Padbury
559,0811313,Brigadier Lethbridge-Stewart,Nicholas Courtney
560,0811313,Benton,John Levene
561,0811314,Jamie,Frazer Hines
562,0811314,Zoe,Wendy Padbury
563,0811314,Brigadier Lethbridge-Stewart,Nicholas Courtney
564,0811314,Benton,John Levene
565,0811315,Zoe,Wendy Padbury
566,0811315,Jamie,Frazer Hines
567,0811315,Brigadier Lethbridge-Stewart,Nicholas Courtney
568,0811316,Benton,John Levene
569,0811316,Zoe,Wendy Padbury
570,0811316,Brigadier Lethbridge-Stewart,Nicholas Courtney
571,0811316,Jamie,Frazer Hines
572,0562928,Jamie,Frazer Hines
573,0562928,Zoe,Wendy Padbury
574,0811317,Zoe,Wendy Padbury
575,0811317,Jamie,Frazer Hines
576,0811318,Jamie,Frazer Hines
577,0811318,Zoe,Wendy Padbury
578,0811319,Zoe,Wendy Padbury
579,0811319,Jamie,Frazer Hines
580,0562951,Zoe,Wendy Padbury
581,0562951,Jamie,Frazer Hines
582,0811340,Jamie,Frazer Hines
583,0811340,Zoe,Wendy Padbury
584,0811341,Jamie,Frazer Hines
585,0811341,Zoe,Wendy Padbury
586,0811342,Zoe,Wendy Padbury
587,0811342,Jamie,Frazer Hines
588,0811343,Zoe,Wendy Padbury
589,0811343,Jamie,Frazer Hines
590,0811344,Jamie,Frazer Hines
591,0811344,Zoe,Wendy Padbury
592,0562973,Jamie,Frazer Hines
593,0562973,Zoe,Wendy Padbury
594,0811346,Jamie,Frazer Hines
595,0811346,Zoe,Wendy Padbury
596,0811358,Jamie,Frazer Hines
597,0811358,Zoe,Wendy Padbury
598,0811319,Zoe,Wendy Padbury
599,0811319,Jamie,Frazer Hines
600,0811360,Zoe,Wendy Padbury
601,0811360,Jamie,Frazer Hines
602,0811344,Jamie,Frazer Hines
603,0811344,Zoe,Wendy Padbury
604,0562973,Jamie,Frazer Hines
605,0562973,Zoe,Wendy Padbury
606,0811357,Zoe,Wendy Padbury
607,0811357,Jamie,Frazer Hines
608,0811358,Jamie,Frazer Hines
609,0811358,Zoe,Wendy Padbury
610,0811359,Jamie,Frazer Hines
611,0811359,Zoe,Wendy Padbury
612,0811360,Zoe,Wendy Padbury
613,0811360,Jamie,Frazer Hines
614,0811361,Zoe,Wendy Padbury
615,0811361,Jamie,Frazer Hines
616,0811362,Jamie,Frazer Hines
617,0811362,Zoe,Wendy Padbury
618,0811363,Jamie,Frazer Hines
619,0811363,Zoe,Wendy Padbury
620,0811364,Jamie,Frazer Hines
621,0811364,Zoe,Wendy Padbury
622,0811356,Zoe,Wendy Padbury
623,0811356,Jamie,Frazer Hines
624,0811356,Yeti,John Levene
625,0562879,Liz Shaw,Caroline John
626,0562879,Brigadier Lethbridge-Stewart,Nicholas Courtney
627,0811440,Liz Shaw,Caroline John
628,0811440,Brigadier Lethbridge-Stewart,Nicholas Courtney
629,0811442,Liz Shaw,Caroline John
630,0811442,Brig. Lethbridge-Stewart,Nicholas Courtney
631,0811443,Liz Shaw,Caroline John
632,0811443,Brig. Lethbridge-Stewart,Nicholas Courtney
633,0562954,Liz Shaw,Caroline John
634,0562954,Brigadier Lethbridge Stewart,Nicholas Courtney
635,0811231,Liz Shaw,Caroline John
636,0811231,Brigadier Lethbridge Stewart,Nicholas Courtney
637,0811232,Liz Shaw,Caroline John
638,0811232,Brigadier Lethbridge Stewart,Nicholas Courtney
639,0811233,Liz Shaw,Caroline John
640,0811233,Brigadier Lethbridge Stewart,Nicholas Courtney
641,0811234,Liz Shaw,Caroline John
642,0811234,Brigadier Lethbridge Stewart,Nicholas Courtney
643,0811235,Liz Shaw,Caroline John
644,0811235,Brig. Lethbridge Stewart,Nicholas Courtney
645,0811236,Liz Shaw,Caroline John
646,0811236,Brig. Lethbridge Stewart,Nicholas Courtney
647,0562887,Liz Shaw,Caroline John
648,0562887,Brigadier Lethbridge Stewart,Nicholas Courtney
649,0811276,Liz Shaw,Caroline John
650,0811276,Brigadier Lethbridge Stewart,Nicholas Courtney
651,0811277,Liz Shaw,Caroline John
652,0811277,Brigadier Lethbridge Stewart,Nicholas Courtney
653,0811278,Liz Shaw,Caroline John
654,0811278,Brigadier Lethbridge Stewart,Nicholas Courtney
655,0811279,Liz Shaw,Caroline John
656,0811279,Brigadier Lethbridge Stewart,Nicholas Courtney
657,0811279,Sergeant Benton,John Levene
658,0811280,Liz Shaw,Caroline John
659,0811280,Brigadier Lethbridge Stewart,Nicholas Courtney
660,0811281,Liz Shaw,Caroline John
661,0811281,Brigadier Lethbridge Stewart,Nicholas Courtney
662,0811281,Sergeant Benton,John Levene
663,0562854,Liz Shaw,Caroline John
664,0562854,Brigadier Lethbridge Stewart,Nicholas Courtney
665,0562854,Sergeant Benton,John Levene
666,0811252,Liz Shaw,Caroline John
667,0811252,Brigadier Lethbridge Stewart,Nicholas Courtney
668,0811252,Sergeant Benton,John Levene
669,0811253,Liz Shaw,Caroline John
670,0811253,Brigadier Lethbridge Stewart,Nicholas Courtney
671,0811253,Platoon Under Leader Benton,John Levene
672,0811254,Liz Shaw,Caroline John
673,0811254,Brigadier Lethbridge Stewart,Nicholas Courtney
674,0811254,Platoon Under Leader Benton,John Levene
675,0811255,Section Leader Elizabeth Shaw,Caroline John
676,0811255,Brigade Leader Lethbridge Stewart,Nicholas Courtney
677,0811255,Platoon Under Leader Benton,John Levene
678,0811256,Liz Shaw,Caroline John
679,0811256,Brigadier Lethbridge Stewart,Nicholas Courtney
680,0811256,Sergeant Benton,John Levene
681,0811257,Liz Shaw,Caroline John
682,0811257,Brigadier Lethbridge Stewart,Nicholas Courtney
683,0811257,Sergeant Benton,John Levene
684,0562883,Brigadier Lethbridge Stewart,Nicholas Courtney
685,0562883,Jo Grant,Katy Manning
686,0562883,Captain Mike Yates,Richard Franklin
687,0562883,Sergeant Benton,John Levene
688,0811444,Brigadier Lethbridge Stewart,Nicholas Courtney
689,0811444,Jo Grant,Katy Manning
690,0811444,Captain Mike Yates,Richard Franklin
691,0811444,Sergeant Benton,John Levene
692,0811445,Brigadier Lethbridge Stewart,Nicholas Courtney
693,0811445,Jo Grant,Katy Manning
694,0811445,Captain Mike Yates,Richard Franklin
695,0811446,Brigadier Lethbridge Stewart,Nicholas Courtney
696,0811446,Jo Grant,Katy Manning
697,0811446,Captain Mike Yates,Richard Franklin
698,0811446,Sergeant Benton,John Levene
699,0562935,Brigadier Lethbridge Stewart,Nicholas Courtney
700,0562935,Jo Grant,Katy Manning
701,0562935,Captain Mike Yates,Richard Franklin
702,0811320,Brigadier Lethbridge Stewart,Nicholas Courtney
703,0811320,Jo Grant,Katy Manning
704,0811320,Captain Mike Yates,Richard Franklin
705,0811320,Sergeant Benton,John Levene
706,0811321,Brigadier Lethbridge Stewart,Nicholas Courtney
707,0811321,Jo Grant,Katy Manning
708,0811321,Captain Mike Yates,Richard Franklin
709,0811321,Sergeant Benton,John Levene
710,0811322,Brigadier Lethbridge Stewart,Nicholas Courtney
711,0811322,Jo Grant,Katy Manning
712,0811322,Captain Mike Yates,Richard Franklin
713,0811322,Sergeant Benton,John Levene
714,0811323,Brigadier Lethbridge Stewart,Nicholas Courtney
715,0811323,Jo Grant,Katy Manning
716,0811323,Captain Mike Yates,Richard Franklin
717,0811323,Sergeant Benton,John Levene
718,0811324,Brigadier Lethbridge Stewart,Nicholas Courtney
719,0811324,Jo Grant,Katy Manning
720,0811324,Captain Mike Yates,Richard Franklin
721,0811324,Sergeant Benton,John Levene
722,0562899,Brigadier Lethbridge Stewart,Nicholas Courtney
723,0562899,Jo Grant,Katy Manning
724,0562899,Captain Mike Yates,Richard Franklin
725,0562899,Sergeant Benton,John Levene
726,0811285,Brigadier Lethbridge Stewart,Nicholas Courtney
727,0811285,Jo Grant,Katy Manning
728,0811285,Captain Mike Yates,Richard Franklin
729,0811285,Sergeant Benton,John Levene
730,0811286,Brigadier Lethbridge Stewart,Nicholas Courtney
731,0811286,Jo Grant,Katy Manning
732,0811286,Captain Yates,Richard Franklin
733,0811286,Sergeant Benton,John Levene
734,0811287,Brigadier Lethbridge Stewart,Nicholas Courtney
735,0811287,Jo Grant,Katy Manning
736,0811287,Captain Mike Yates,Richard Franklin
737,0811287,Sergeant Benton,John Levene
738,0562836,Brigadier Lethbridge Stewart,Nicholas Courtney
739,0562836,Jo Grant,Katy Manning
740,0811223,Jo Grant,Katy Manning
741,0811224,Jo Grant,Katy Manning
742,0811225,Jo Grant,Katy Manning
743,0811226,Jo Grant,Katy Manning
744,0811227,Brigadier Lethbridge Stewart,Nicholas Courtney
745,0811227,Jo Grant,Katy Manning
746,0562909,Brigadier Lethbridge Stewart,Nicholas Courtney
747,0562909,Jo Grant,Katy Manning
748,0562909,Captain Mike Yates,Richard Franklin
749,0562909,Sergeant Benton,John Levene
750,0811291,Brigadier Lethbridge Stewart,Nicholas Courtney
751,0811291,Jo Grant,Katy Manning
752,0811291,Captain Mike Yates,Richard Franklin
753,0811291,Sergeant Benton,John Levene
754,0811292,Brigadier Lethbridge Stewart,Nicholas Courtney
755,0811292,Jo Grant,Katy Manning
756,0811292,Captain Mike Yates,Richard Franklin
757,0811292,Sergeant Benton,John Levene
758,0811293,Brigadier Lethbridge Stewart,Nicholas Courtney
759,0811293,Jo Grant,Katy Manning
760,0811293,Captain Mike Yates,Richard Franklin
761,0811293,Sergeant Benton,John Levene
762,0811294,Brigadier Lethbridge Stewart,Nicholas Courtney
763,0811294,Jo Grant,Katy Manning
764,0811294,Captain Mike Yates,Richard Franklin
765,0811294,Sergeant Benton,John Levene
766,0562837,Brigadier Lethbridge-Stewart,Nicholas Courtney
767,0562837,Jo Grant,Katy Manning
768,0562837,Captain Yates,Richard Franklin
769,0562837,Sergeant Benton,John Levene
770,0811433,Brigadier Lethbridge-Stewart,Nicholas Courtney
771,0811433,Jo Grant,Katy Manning
772,0811433,Captain Yates,Richard Franklin
773,0811433,Sergeant Benton,John Levene
774,0811434,Jo Grant,Katy Manning
775,0811435,Brigadier Lethbridge-Stewart,Nicholas Courtney
776,0811435,Jo Grant,Katy Manning
777,0811435,Captain Yates,Richard Franklin
778,0811435,Sergeant Benton,John Levene
779,0562903,Jo Grant,Katy Manning
780,0811288,Jo Grant,Katy Manning
781,0811289,Jo Grant,Katy Manning
782,0811290,Jo Grant,Katy Manning
783,0562950,Jo Grant,Katy Manning
784,0811335,Jo Grant,Katy Manning
785,0811336,Jo Grant,Katy Manning
786,0811337,Jo Grant,Katy Manning
787,0811338,Jo Grant,Katy Manning
788,0811339,Jo Grant,Katy Manning
789,0562938,Jo Grant,Katy Manning
790,0811330,Jo Grant,Katy Manning
791,0811331,Jo Grant,Katy Manning
792,0811332,Jo Grant,Katy Manning
793,0811333,Jo Grant,Katy Manning
794,0811334,Jo Grant,Katy Manning
795,0562965,Jo Grant,Katy Manning
796,0562965,Brigadier Lethbridge Stewart,Nicholas Courtney
797,0562965,Captain Mike Yates,Richard Franklin
798,0562965,Sergeant Benton,John Levene
799,0811351,Jo Grant,Katy Manning
800,0811351,Brigadier Lethbridge Stewart,Nicholas Courtney
801,0811351,Captain Mike Yates,Richard Franklin
802,0811351,Sergeant Benton,John Levene
803,0811352,Jo Grant,Katy Manning
804,0811352,Brigadier Lethbridge Stewart,Nicholas Courtney
805,0811352,Captain Mike Yates,Richard Franklin
806,0811352,Sergeant Benton,John Levene
807,0811353,Jo Grant,Katy Manning
808,0811353,Brigadier Lethbridge Stewart,Nicholas Courtney
809,0811353,Captain Mike Yates,Richard Franklin
810,0811353,Sergeant Benton,John Levene
811,0811354,Jo Grant,Katy Manning
812,0811355,Jo Grant,Katy Manning
813,0811355,Brigadier Lethbridge Stewart,Nicholas Courtney
814,0811355,Sergeant Benton,John Levene
815,0562963,Jo Grant,Katy Manning
816,0562963,Brigadier Lethbridge Stewart,Nicholas Courtney
817,0562963,Sergeant Benton,John Levene
818,0811460,Jo Grant,Katy Manning
819,0811460,Brigadier Lethbridge Stewart,Nicholas Courtney
820,0811460,Sergeant Benton,John Levene
821,0811461,Jo Grant,Katy Manning
822,0811461,Brigadier Lethbridge Stewart,Nicholas Courtney
823,0811461,Sergeant Benton,John Levene
824,0811462,Jo Grant,Katy Manning
825,0811462,Brigadier Lethbridge Stewart,Nicholas Courtney
826,0811462,Sergeant Benton,John Levene
827,0562833,Jo Grant,Katy Manning
828,0562833,John Andrews,Ian Marter
829,0811220,Jo Grant,Katy Manning
830,0811220,John Andrews,Ian Marter
831,0811221,Jo Grant,Katy Manning
832,0811221,John Andrews,Ian Marter
833,0811222,Jo Grant,Katy Manning
834,0811222,John Andrews,Ian Marter
835,0562845,Jo Grant,Katy Manning
836,0811237,Jo Grant,Katy Manning
837,0811238,Jo Grant,Katy Manning
838,0811239,Jo Grant,Katy Manning
839,0811240,Jo Grant,Katy Manning
840,0811241,Jo Grant,Katy Manning
841,0562868,Jo Grant,Katy Manning
842,0811263,Jo Grant,Katy Manning
843,0811264,Jo Grant,Katy Manning
844,0811265,Jo Grant,Katy Manning
845,0811266,Jo Grant,Katy Manning
846,0811267,Jo Grant,Katy Manning
847,0562915,Jo Grant,Katy Manning
848,0562915,Brigadier Lethbridge Stewart,Nicholas Courtney
849,0811300,Jo Grant,Katy Manning
850,0811300,Brigadier Lethbridge Stewart,Nicholas Courtney
851,0811301,Jo Grant,Katy Manning
852,0811301,Brigadier Lethbridge Stewart,Nicholas Courtney
853,0811302,Jo Grant,Katy Manning
854,0811302,Brigadier Lethbridge Stewart,Nicholas Courtney
855,0811302,Captain Yates,Richard Franklin
856,0811302,Sergeant Benton,John Levene
857,0811303,Jo Grant,Katy Manning
858,0811303,Brigadier Lethbridge Stewart,Nicholas Courtney
859,0811303,Captain Yates,Richard Franklin
860,0811303,Sergeant Benton,John Levene
861,0811304,Jo Grant,Katy Manning
862,0811304,Brigadier Lethbridge Stewart,Nicholas Courtney
863,0811304,Captain Yates,Richard Franklin
864,0811304,Sergeant Benton,John Levene
865,0562966,Sarah Jane Smith,Elisabeth Sladen
866,0562966,Brigadier Lethbridge Stewart,Nicholas Courtney
867,0811463,Sarah Jane Smith,Elisabeth Sladen
868,0811464,Sarah Jane Smith,Elisabeth Sladen
869,0811465,Sarah Jane Smith,Elisabeth Sladen
870,0562855,Sarah Jane Smith,Elisabeth Sladen
871,0562855,Brigadier Lethbridge Stewart,Nicholas Courtney
872,0562855,Captain Yates,Richard Franklin
873,0562855,Sergeant Benton,John Levene
874,0811258,Sarah Jane Smith,Elisabeth Sladen
875,0811258,Brigadier Lethbridge Stewart,Nicholas Courtney
876,0811258,Captain Yates,Richard Franklin
877,0811258,Sergeant Benton,John Levene
878,0811259,Sarah Jane Smith,Elisabeth Sladen
879,0811259,Brigadier Lethbridge Stewart,Nicholas Courtney
880,0811259,Captain Yates,Richard Franklin
881,0811259,Sergeant Benton,John Levene
882,0811260,Sarah Jane Smith,Elisabeth Sladen
883,0811260,Brigadier Lethbridge Stewart,Nicholas Courtney
884,0811260,Captain Yates,Richard Franklin
885,0811260,Sergeant Benton,John Levene
886,0811261,Sarah Jane Smith,Elisabeth Sladen
887,0811261,Brigadier Lethbridge Stewart,Nicholas Courtney
888,0811261,Captain Yates,Richard Franklin
889,0811261,Sergeant Benton,John Levene
890,0811262,Sarah Jane Smith,Elisabeth Sladen
891,0811262,Brigadier Lethbridge Stewart,Nicholas Courtney
892,0811262,Captain Yates,Richard Franklin
893,0811262,Sergeant Benton,John Levene
894,0562838,Sarah Jane Smith,Elisabeth Sladen
895,0811228,Sarah Jane Smith,Elisabeth Sladen
896,0811229,Sarah Jane Smith,Elisabeth Sladen
897,0811230,Sarah Jane Smith,Elisabeth Sladen
898,0562936,Sarah Jane Smith,Elisabeth Sladen
899,0811325,Sarah Jane Smith,Elisabeth Sladen
900,0811326,Sarah Jane Smith,Elisabeth Sladen
901,0811327,Sarah Jane Smith,Elisabeth Sladen
902,0811328,Sarah Jane Smith,Elisabeth Sladen
903,0811329,Sarah Jane Smith,Elisabeth Sladen
904,0562869,Sarah Jane Smith,Elisabeth Sladen
905,0562869,Brigadier Lethbridge Stewart,Nicholas Courtney
906,0562869,Mike Yates,Richard Franklin
907,0562869,Sergeant Benton,John Levene
908,0811268,Sarah Jane Smith,Elisabeth Sladen
909,0811268,Brigadier Lethbridge Stewart,Nicholas Courtney
910,0811268,Mike Yates,Richard Franklin
911,0811268,Sergeant Benton,John Levene
912,0811269,Sarah Jane Smith,Elisabeth Sladen
913,0811269,Mike Yates,Richard Franklin
914,0811270,Sarah Jane Smith,Elisabeth Sladen
915,0811270,Mike Yates,Richard Franklin
916,0811271,Sarah Jane Smith,Elisabeth Sladen
917,0811271,Mike Yates,Richard Franklin
918,0811272,Sarah Jane Smith,Elisabeth Sladen
919,0811272,Brigadier Lethbridge Stewart,Nicholas Courtney
920,0811272,Mike Yates,Richard Franklin
921,0562875,Sarah Jane Smith,Elisabeth Sladen
922,0562875,Harry Sullivan,Ian Marter
923,0562875,Brigadier Lethbridge Stewart,Nicholas Courtney
924,0562875,Sergeant Benton,John Levene
925,0811436,Sarah Jane Smith,Elisabeth Sladen
926,0811436,Harry Sullivan,Ian Marter
927,0811436,Brigadier Lethbridge Stewart,Nicholas Courtney
928,0811436,Sergeant Benton,John Levene
929,0811437,Sarah Jane Smith,Elisabeth Sladen
930,0811437,Harry Sullivan,Ian Marter
931,0811437,Brigadier Lethbridge Stewart,Nicholas Courtney
932,0811437,Sergeant Benton,John Levene
933,0811438,Sarah Jane Smith,Elisabeth Sladen
934,0811438,Harry Sullivan,Ian Marter
935,0811438,Brigadier Lethbridge Stewart,Nicholas Courtney
936,0811438,Sergeant Benton,John Levene
937,0562891,Sarah Jane Smith,Elisabeth Sladen
938,0562891,Harry Sullivan,Ian Marter
939,0811282,Sarah Jane Smith,Elisabeth Sladen
940,0811282,Harry Sullivan,Ian Marter
941,0811283,Sarah Jane Smith,Elisabeth Sladen
942,0811283,Harry Sullivan,Ian Marter
943,0811284,Sarah Jane Smith,Elisabeth Sladen
944,0811284,Harry Sullivan,Ian Marter
945,0562956,Sarah Jane Smith,Elisabeth Sladen
946,0562956,Harry Sullivan,Ian Marter
947,0811345,Sarah Jane Smith,Elisabeth Sladen
948,0811345,Harry Sullivan,Ian Marter
949,0562850,Sarah Jane Smith,Elisabeth Sladen
950,0562850,Harry Sullivan,Ian Marter
951,0811247,Sarah Jane Smith,Elisabeth Sladen
952,0811247,Harry Sullivan,Ian Marter
953,0811248,Sarah Jane Smith,Elisabeth Sladen
954,0811248,Harry Sullivan,Ian Marter
955,0811249,Sarah Jane Smith,Elisabeth Sladen
956,0811249,Harry Sullivan,Ian Marter
957,0811250,Sarah Jane Smith,Elisabeth Sladen
958,0811250,Harry Sullivan,Ian Marter
959,0811251,Sarah Jane Smith,Elisabeth Sladen
960,0811251,Harry Sullivan,Ian Marter
961,0562874,Sarah Jane Smith,Elisabeth Sladen
962,0562874,Harry Sullivan,Ian Marter
963,0811273,Sarah Jane Smith,Elisabeth Sladen
964,0811273,Harry Sullivan,Ian Marter
965,0811274,Sarah Jane Smith,Elisabeth Sladen
966,0811274,Harry Sullivan,Ian Marter
967,0811275,Sarah Jane Smith,Elisabeth Sladen
968,0811275,Harry Sullivan,Ian Marter
969,0562885,Sarah Jane Smith,Elisabeth Sladen
970,0562885,Harry Sullivan,Ian Marter
971,0562885,Brigadier Lethbridge Stewart,Nicholas Courtney
972,0562885,RSM Benton,John Levene
973,0811853,Sarah Jane Smith,Elisabeth Sladen
974,0811853,Harry Sullivan,Ian Marter
975,0811853,Brigadier Lethbridge Stewart,Nicholas Courtney
976,0811853,RSM Benton,John Levene
977,0811854,Sarah Jane Smith,Elisabeth Sladen
978,0811854,Harry Sullivan,Ian Marter
979,0811854,Brigadier Lethbridge Stewart,Nicholas Courtney
980,0811854,RSM Benton,John Levene
981,0811855,Sarah Jane Smith,Elisabeth Sladen
982,0811855,Harry Sullivan,Ian Marter
983,0811855,Brigadier Lethbridge Stewart,Nicholas Courtney
984,0811855,RSM Benton,John Levene
985,0562865,Sarah Jane Smith,Elisabeth Sladen
986,0811823,Sarah Jane Smith,Elisabeth Sladen
987,0811824,Sarah Jane Smith,Elisabeth Sladen
988,0811825,Sarah Jane Smith,Elisabeth Sladen
989,0562870,Sarah Jane Smith,Elisabeth Sladen
990,0811829,Sarah Jane Smith,Elisabeth Sladen
991,0811830,Sarah Jane Smith,Elisabeth Sladen
992,0811831,Sarah Jane Smith,Elisabeth Sladen
993,0562888,Sarah Jane Smith,Elisabeth Sladen
994,0811856,Sarah Jane Smith,Elisabeth Sladen
995,0811856,Harry Sullivan,Ian Marter
996,0811856,RSM Benton,John Levene
997,0811857,Sarah Jane Smith,Elisabeth Sladen
998,0811857,Harry Sullivan,Ian Marter
999,0811857,RSM Benton,John Levene
1000,0811858,Sarah Jane Smith,Elisabeth Sladen
1001,0811858,Harry Sullivan,Ian Marter
1002,0811858,RSM Benton,John Levene
1003,0144171,Sarah Jane Smith,Elisabeth Sladen
1004,0811868,Sarah Jane Smith,Elisabeth Sladen
1005,0811869,Sarah Jane Smith,Elisabeth Sladen
1006,0811870,Sarah Jane Smith,Elisabeth Sladen
1007,0562952,Sarah Jane Smith,Elisabeth Sladen
1008,0811731,Sarah Jane Smith,Elisabeth Sladen
1009,0811732,Sarah Jane Smith,Elisabeth Sladen
1010,0811733,Sarah Jane Smith,Elisabeth Sladen
1011,0811734,Sarah Jane Smith,Elisabeth Sladen
1012,0811735,Sarah Jane Smith,Elisabeth Sladen
1013,0562932,Sarah Jane Smith,Elisabeth Sladen
1014,0811713,Sarah Jane Smith,Elisabeth Sladen
1015,0811714,Sarah Jane Smith,Elisabeth Sladen
1016,0811715,Sarah Jane Smith,Elisabeth Sladen
1017,0562917,Sarah Jane Smith,Elisabeth Sladen
1018,0811689,Sarah Jane Smith,Elisabeth Sladen
1019,0811690,Sarah Jane Smith,Elisabeth Sladen
1020,0811691,Sarah Jane Smith,Elisabeth Sladen
1021,0562912,Leela,Louise Jameson
1022,0811883,Leela,Louise Jameson
1023,0811884,Leela,Louise Jameson
1024,0811885,Leela,Louise Jameson
1025,0302492,Leela,Louise Jameson
1026,0811728,Leela,Louise Jameson
1027,0811729,Leela,Louise Jameson
1028,0811730,Leela,Louise Jameson
1029,0562961,Leela,Louise Jameson
1030,0811742,Leela,Louise Jameson
1031,0811743,Leela,Louise Jameson
1032,0811744,Leela,Louise Jameson
1033,0811745,Leela,Louise Jameson
1034,0811746,Leela,Louise Jameson
1035,0562852,Leela,Louise Jameson
1036,0811796,Leela,Louise Jameson
1037,0811797,Leela,Louise Jameson
1038,0811798,Leela,Louise Jameson
1039,0562924,Leela,Louise Jameson
1040,0562924,Nucleus,John Leeson
1041,0811702,Leela,Louise Jameson
1042,0811703,Leela,Louise Jameson
1043,0811704,Leela,Louise Jameson
1044,0562853,Leela,Louise Jameson
1045,0811799,Leela,Louise Jameson
1046,0811800,Leela,Louise Jameson
1047,0811801,Leela,Louise Jameson
1048,0562960,Leela,Louise Jameson
1049,0562960,K9,John Leeson
1050,0811739,Leela,Louise Jameson
1051,0811739,K9,John Leeson
1052,0811740,Leela,Louise Jameson
1053,0811740,K9,John Leeson
1054,0811741,Leela,Louise Jameson
1055,0811741,K9,John Leeson
1056,0562981,Leela,Louise Jameson
1057,0562981,K9,John Leeson
1058,0811763,Leela,Louise Jameson
1059,0811763,K9,John Leeson
1060,0811764,Leela,Louise Jameson
1061,0811764,K9,John Leeson
1062,0811765,Leela,Louise Jameson
1063,0811765,K9,John Leeson
1064,0562923,Leela,Louise Jameson
1065,0562923,K9,John Leeson
1066,0811697,Leela,Louise Jameson
1067,0811697,K9,John Leeson
1068,0811698,Leela,Louise Jameson
1069,0811698,K9,John Leeson
1070,0811699,Leela,Louise Jameson
1071,0811699,K9,John Leeson
1072,0811700,Leela,Louise Jameson
1073,0811701,Leela,Louise Jameson
1074,0811701,K9,John Leeson
1075,0562946,Romana,Mary Tamm
1076,0562946,K9,John Leeson
1077,0811725,Romana,Mary Tamm
1078,0811726,Romana,Mary Tamm
1079,0811726,K9,John Leeson
1080,0811727,Romana,Mary Tamm
1081,0811727,K9,John Leeson
1082,0562941,Romana,Mary Tamm
1083,0562941,K9,John Leeson
1084,0811719,Romana,Mary Tamm
1085,0811719,K9,John Leeson
1086,0811720,Romana,Mary Tamm
1087,0811720,K9,John Leeson
1088,0811721,Romana,Mary Tamm
1089,0811721,K9,John Leeson
1090,0562959,Romana,Mary Tamm
1091,0562959,K9,John Leeson
1092,0811736,Romana,Mary Tamm
1093,0811736,K9,John Leeson
1094,0811737,Romana,Mary Tamm
1095,0811737,K9,John Leeson
1096,0811738,Romana,Mary Tamm
1097,0811738,K9,John Leeson
1098,0562889,Romana,Mary Tamm
1099,0562889,K9,John Leeson
1100,0811859,K9,John Leeson
1101,0811860,K9,John Leeson
1102,0811861,K9,John Leeson
1103,0562942,Romana,Mary Tamm
1104,0562942,Dugeen,John Leeson
1105,0811722,Romana,Mary Tamm
1106,0811722,Dugeen,John Leeson
1107,0811723,Romana,Mary Tamm
1108,0811723,Dugeen,John Leeson
1109,0811724,Romana,Mary Tamm
1110,0811724,Dugeen,John Leeson
1111,0562892,Romana,Mary Tamm
1112,0562892,Princess Astra,Lalla Ward
1113,0562892,K9,John Leeson
1114,0811862,Romana,Mary Tamm
1115,0811862,Princess Astra,Lalla Ward
1116,0811862,K9,John Leeson
1117,0811863,Romana,Mary Tamm
1118,0811863,Princess Astra,Lalla Ward
1119,0811863,K9,John Leeson
1120,0811864,Romana,Mary Tamm
1121,0811864,Princess Astra,Lalla Ward
1122,0811864,K9,John Leeson
1123,0811865,Romana,Mary Tamm
1124,0811865,Princess Astra,Lalla Ward
1125,0811865,K9,John Leeson
1126,0811866,Romana,Mary Tamm
1127,0811866,Princess Astra,Lalla Ward
1128,0811866,K9,John Leeson
1129,0562840,Romana,Lalla Ward
1130,0811667,Romana,Lalla Ward
1131,0811668,Romana,Lalla Ward
1132,0811669,Romana,Lalla Ward
1133,0562835,Romana,Lalla Ward
1134,0811662,Romana,Lalla Ward
1135,0811663,Romana,Lalla Ward
1136,0811664,Romana,Lalla Ward
1137,0562900,Romana,Lalla Ward
1138,0562900,K9,David Brierly
1139,0811874,Romana,Lalla Ward
1140,0811874,K9,David Brierly
1141,0811875,Romana,Lalla Ward
1142,0811875,K9,David Brierly
1143,0811876,Romana,Lalla Ward
1144,0811876,K9,David Brierly
1145,0562863,Romana,Lalla Ward
1146,0562863,K9,David Brierly
1147,0811817,Romana,Lalla Ward
1148,0811817,K9,David Brierly
1149,0811818,Romana,Lalla Ward
1150,0811818,K9,David Brierly
1151,0811819,Romana,Lalla Ward
1152,0811819,K9,David Brierly
1153,0562920,Romana,Lalla Ward
1154,0562920,K9,David Brierly
1155,0811694,Romana,Lalla Ward
1156,0811694,K9,David Brierly
1157,0811695,Romana,Lalla Ward
1158,0811695,K9,David Brierly
1159,0811696,Romana,Lalla Ward
1160,0811696,K9,David Brierly
1161,0562929,Romana,Lalla Ward
1162,0562929,Voice of K9,John Leeson
1163,0811709,Romana,Lalla Ward
1164,0811710,Romana,Lalla Ward
1165,0811711,Romana,Lalla Ward
1166,0562860,Romana,Lalla Ward
1167,0562860,Lexa,Jacqueline Hill
1168,0562860,Voice of K.9,John Leeson
1169,0811811,Romana,Lalla Ward
1170,0811811,Lexa,Jacqueline Hill
1171,0811811,Voice of K9,John Leeson
1172,0811812,Romana,Lalla Ward
1173,0811812,Lexa,Jacqueline Hill
1174,0811812,Voice of K.9,John Leeson
1175,0811813,Romana,Lalla Ward
1176,0811813,Lexa,Jacqueline Hill
1177,0811813,Voice of K.9,John Leeson
1178,0562847,Romana,Lalla Ward
1179,0562847,Adric,Matthew Waterhouse
1180,0562847,Voice of K.9,John Leeson
1181,0811684,Romana,Lalla Ward
1182,0811684,Adric,Matthew Waterhouse
1183,0811684,Voice of K.9,John Leeson
1184,0811685,Romana,Lalla Ward
1185,0811685,Adric,Matthew Waterhouse
1186,0811686,Romana,Lalla Ward
1187,0811686,Adric,Matthew Waterhouse
1188,0811686,Voice of K.9,John Leeson
1189,0562880,Romana,Lalla Ward
1190,0562880,Adric,Matthew Waterhouse
1191,0562880,Voice of K9,John Leeson
1192,0811842,Romana,Lalla Ward
1193,0811842,Adric,Matthew Waterhouse
1194,0811843,Romana,Lalla Ward
1195,0811843,Adric,Matthew Waterhouse
1196,0811843,Voice of K9,John Leeson
1197,0811844,Romana,Lalla Ward
1198,0811844,Adric,Matthew Waterhouse
1199,0811844,Voice of K9,John Leeson
1200,0562984,Romana,Lalla Ward
1201,0562984,Adric,Matthew Waterhouse
1202,0562984,Voice of K9,John Leeson
1203,0811770,Romana,Lalla Ward
1204,0811770,Adric,Matthew Waterhouse
1205,0811770,Voice of K9,John Leeson
1206,0811771,Romana,Lalla Ward
1207,0811771,Adric,Matthew Waterhouse
1208,0811771,Voice of K9,John Leeson
1209,0811772,Romana,Lalla Ward
1210,0811772,Adric,Matthew Waterhouse
1211,0811772,Voice of K9,John Leeson
1212,0562925,Adric,Matthew Waterhouse
1213,0562925,Nyssa,Sarah Sutton
1214,0811705,Adric,Matthew Waterhouse
1215,0811705,Nyssa,Sarah Sutton
1216,0811706,Adric,Matthew Waterhouse
1217,0811706,Nyssa,Sarah Sutton
1218,0811707,Adric,Matthew Waterhouse
1219,0811707,Nyssa,Sarah Sutton
1220,0562857,Adric,Matthew Waterhouse
1221,0562857,Tegan,Janet Fielding
1222,0811805,Tegan,Janet Fielding
1223,0811805,Adric,Matthew Waterhouse
1224,0811805,Nyssa,Sarah Sutton
1225,0811806,Tegan,Janet Fielding
1226,0811806,Adric,Matthew Waterhouse
1227,0811806,Nyssa,Sarah Sutton
1228,0811807,Tegan,Janet Fielding
1229,0811807,Adric,Matthew Waterhouse
1230,0811807,Nyssa,Sarah Sutton
1231,0811807,Brigadier Lethbridge Stewart,Nicholas Courtney
1232,0811807,Leela,Louise Jameson
1233,0811807,K9,John Leeson
1234,0811807,Harry Sullivan,Ian Marter
1235,0811807,Sarah Jane Smith,Elisabeth Sladen
1236,0811807,Romana,Mary Tamm
1237,0811807,Romana,Lalla Ward
1238,0562834,Tegan,Janet Fielding
1239,0562834,Nyssa,Sarah Sutton
1240,0562834,Adric,Matthew Waterhouse
1241,0811659,Tegan,Janet Fielding
1242,0811659,Nyssa,Sarah Sutton
1243,0811659,Adric,Matthew Waterhouse
1244,0811660,Tegan,Janet Fielding
1245,0811660,Nyssa,Sarah Sutton
1246,0811660,Adric,Matthew Waterhouse
1247,0811661,Tegan,Janet Fielding
1248,0811661,Nyssa,Sarah Sutton
1249,0811661,Adric,Matthew Waterhouse
1250,0562844,Adric,Matthew Waterhouse
1251,0562844,Nyssa,Sarah Sutton
1252,0562844,Tegan,Janet Fielding
1253,0811678,Nyssa,Sarah Sutton
1254,0811678,Tegan,Janet Fielding
1255,0811678,Adric,Matthew Waterhouse
1256,0811679,Tegan,Janet Fielding
1257,0811679,Adric,Matthew Waterhouse
1258,0811679,Nyssa,Sarah Sutton
1259,0811680,Adric,Matthew Waterhouse
1260,0811680,Nyssa,Sarah Sutton
1261,0811680,Tegan,Janet Fielding
1262,0562856,Tegan,Janet Fielding
1263,0562856,Adric,Matthew Waterhouse
1264,0562856,Nyssa,Sarah Sutton
1265,0811802,Tegan,Janet Fielding
1266,0811802,Adric,Matthew Waterhouse
1267,0811803,Tegan,Janet Fielding
1268,0811803,Adric,Matthew Waterhouse
1269,0811804,Tegan,Janet Fielding
1270,0811804,Adric,Matthew Waterhouse
1271,0811804,Nyssa,Sarah Sutton
1272,0562972,Tegan,Janet Fielding
1273,0562972,Nyssa,Sarah Sutton
1274,0562972,Adric,Matthew Waterhouse
1275,0811753,Adric,Matthew Waterhouse
1276,0811753,Tegan,Janet Fielding
1277,0811753,Nyssa,Sarah Sutton
1278,0811754,Nyssa,Sarah Sutton
1279,0811754,Adric,Matthew Waterhouse
1280,0811754,Tegan,Janet Fielding
1281,0811755,Adric,Matthew Waterhouse
1282,0811755,Tegan,Janet Fielding
1283,0811755,Nyssa,Sarah Sutton
1284,0562832,Tegan,Janet Fielding
1285,0562832,Adric,Matthew Waterhouse
1286,0811658,Tegan,Janet Fielding
1287,0811658,Adric,Matthew Waterhouse
1288,0562842,Tegan,Janet Fielding
1289,0562842,Nyssa,Sarah Sutton
1290,0562842,Adric,Matthew Waterhouse
1291,0811672,Tegan,Janet Fielding
1292,0811672,Nyssa,Sarah Sutton
1293,0811672,Adric,Matthew Waterhouse
1294,0811672,Polly Wright,Anneke Wills
1295,0811673,Tegan,Janet Fielding
1296,0811673,Nyssa,Sarah Sutton
1297,0811673,Adric,Matthew Waterhouse
1298,0811674,Adric,Matthew Waterhouse
1299,0811674,Tegan,Janet Fielding
1300,0811674,Nyssa,Sarah Sutton
1301,0562979,Nyssa,Sarah Sutton
1302,0562979,Tegan,Janet Fielding
1303,0811759,Nyssa,Sarah Sutton
1304,0811759,Tegan,Janet Fielding
1305,0811759,Adric,Matthew Waterhouse
1306,0811760,Nyssa,Sarah Sutton
1307,0811760,Tegan,Janet Fielding
1308,0811761,Nyssa,Sarah Sutton
1309,0811761,Tegan,Janet Fielding
1310,0562829,Nyssa,Sarah Sutton
1311,0811651,Nyssa,Sarah Sutton
1312,0811651,Tegan,Janet Fielding
1313,0811652,Nyssa,Sarah Sutton
1314,0811652,Tegan,Janet Fielding
1315,0811653,Nyssa,Sarah Sutton
1316,0811653,Tegan,Janet Fielding
1317,0562878,Tegan,Janet Fielding
1318,0562878,Nyssa,Sarah Sutton
1319,0811839,Tegan,Janet Fielding
1320,0811839,Nyssa,Sarah Sutton
1321,0811840,Tegan,Janet Fielding
1322,0811840,Nyssa,Sarah Sutton
1323,0811841,Tegan,Janet Fielding
1324,0811841,Nyssa,Sarah Sutton
1325,0562859,Tegan,Janet Fielding
1326,0562859,Nyssa,Sarah Sutton
1327,0562859,The Brigadier,Nicholas Courtney
1328,0562859,Turlough,Mark Strickson
1329,0811808,Tegan,Janet Fielding
1330,0811808,Nyssa,Sarah Sutton
1331,0811808,The Brigadier,Nicholas Courtney
1332,0811808,Turlough,Mark Strickson
1333,0811808,Yeti,John Levene
1334,0811809,Nyssa,Sarah Sutton
1335,0811809,Tegan,Janet Fielding
1336,0811809,The Brigadier,Nicholas Courtney
1337,0811809,Turlough,Mark Strickson
1338,0811810,Nyssa,Sarah Sutton
1339,0811810,Tegan,Janet Fielding
1340,0811810,The Brigadier,Nicholas Courtney
1341,0811810,Turlough,Mark Strickson
1342,0562882,Nyssa,Sarah Sutton
1343,0562882,Tegan,Janet Fielding
1344,0562882,Turlough,Mark Strickson
1345,0811847,Nyssa,Sarah Sutton
1346,0811847,Tegan,Janet Fielding
1347,0811847,Turlough,Mark Strickson
1348,0811848,Nyssa,Sarah Sutton
1349,0811848,Tegan,Janet Fielding
1350,0811848,Turlough,Mark Strickson
1351,0811849,Nyssa,Sarah Sutton
1352,0811849,Tegan,Janet Fielding
1353,0811849,Turlough,Mark Strickson
1354,0562843,Tegan,Janet Fielding
1355,0562843,Turlough,Mark Strickson
1356,0811675,Tegan,Janet Fielding
1357,0811675,Turlough,Mark Strickson
1358,0811676,Tegan,Janet Fielding
1359,0811676,Turlough,Mark Strickson
1360,0811677,Tegan,Janet Fielding
1361,0811677,Turlough,Mark Strickson
1362,0562927,Tegan,Janet Fielding
1363,0562927,Turlough,Mark Strickson
1364,0562927,The King,Gerald Flood
1365,0811708,Tegan,Janet Fielding
1366,0811708,Turlough,Mark Strickson
1367,0811708,The King,Gerald Flood
1368,0123044,Tegan,Janet Fielding
1369,0123044,Turlough,Mark Strickson
1370,0123044,Sarah Jane Smith,Elisabeth Sladen
1371,0123044,Susan Foreman,Carole Ann Ford
1372,0123044,Brigadier Lethbridge Stewart,Nicholas Courtney
1373,0123044,Romana,Lalla Ward
1374,0123044,Jamie McCrimmon,Frazer Hines
1375,0123044,Zoe Heriot,Wendy Padbury
1376,0123044,Liz Shaw,Caroline John
1377,0123044,Captain Yates,Richard Franklin
1378,0123044,K9,John Leeson
1379,0562983,Tegan,Janet Fielding
1380,0562983,Turlough,Mark Strickson
1381,0811767,Tegan,Janet Fielding
1382,0811767,Turlough,Mark Strickson
1383,0811768,Tegan,Janet Fielding
1384,0811768,Turlough,Mark Strickson
1385,0811769,Tegan,Janet Fielding
1386,0811769,Turlough,Mark Strickson
1387,0562893,Tegan,Janet Fielding
1388,0562893,Turlough,Mark Strickson
1389,0811867,Tegan,Janet Fielding
1390,0811867,Turlough,Mark Strickson
1391,0562846,Tegan,Janet Fielding
1392,0562846,Turlough,Mark Strickson
1393,0811681,Tegan,Janet Fielding
1394,0811681,Turlough,Mark Strickson
1395,0811682,Tegan,Janet Fielding
1396,0811682,Turlough,Mark Strickson
1397,0811683,Tegan,Janet Fielding
1398,0811683,Turlough,Mark Strickson
1399,0562872,Tegan,Janet Fielding
1400,0562872,Turlough,Mark Strickson
1401,0811835,Tegan,Janet Fielding
1402,0811835,Turlough,Mark Strickson
1403,0811835,Brigadier Lethbridge Stewart,Nicholas Courtney
1404,0811835,Ben Jackson,Michael Craze
1405,0811835,Jamie McCrimmon,Frazer Hines
1406,0811835,Liz Shaw,Caroline John
1407,0811835,Jo Grant,Katy Manning
1408,0811835,Harry Sullivan,Ian Marter
1409,0811835,Zoe Heriot,Wendy Padbury
1410,0811835,Sarah Jane Smith,Elisabeth Sladen
1411,0811835,Nyssa,Sarah Sutton
1412,0811835,Romana,Mary Tamm
1413,0811835,Romana,Lalla Ward
1414,0811835,Adric,Matthew Waterhouse
1415,0811835,Victoria Waterfield,Deborah Watling
1416,0811835,Polly Wright,Anneke Wills
1417,0562866,Turlough,Mark Strickson
1418,0562866,Peri,Nicola Bryant
1419,0562866,Voice of Kamelion,Gerald Flood
1420,0811826,Turlough,Mark Strickson
1421,0811826,Peri,Nicola Bryant
1422,0811826,Voice of Kamelion,Gerald Flood
1423,0811827,Turlough,Mark Strickson
1424,0811827,Peri,Nicola Bryant
1425,0811828,Turlough,Mark Strickson
1426,0811828,Peri,Nicola Bryant
1427,0562896,Peri,Nicola Bryant
1428,0811871,Peri,Nicola Bryant
1429,0811872,Peri,Nicola Bryant
1430,0811873,Peri,Nicola Bryant
1431,0811873,Adric,Matthew Waterhouse
1432,0811873,Nyssa,Sarah Sutton
1433,0811873,Tegan,Janet Fielding
1434,0811873,Turlough,Mark Strickson
1435,0811873,Voice of Kamelion,Gerald Flood
1436,0562968,Peri,Nicola Bryant
1437,0811747,Peri,Nicola Bryant
1438,0811748,Peri,Nicola Bryant
1439,0811749,Peri,Nicola Bryant
1440,0562830,Peri,Nicola Bryant
1441,0811654,Peri,Nicola Bryant
1442,0562982,Peri,Nicola Bryant
1443,0811766,Peri,Nicola Bryant
1444,0562931,Peri,Nicola Bryant
1445,0811712,Peri,Nicola Bryant
1446,0562969,Peri,Nicola Bryant
1447,0562969,Jamie,Frazer Hines
1448,0811750,Peri,Nicola Bryant
1449,0811750,Jamie,Frazer Hines
1450,0811751,Peri,Nicola Bryant
1451,0811751,Jamie,Frazer Hines
1452,0562980,Peri,Nicola Bryant
1453,0811762,Peri,Nicola Bryant
1454,0562873,Peri,Nicola Bryant
1455,0811836,Peri,Nicola Bryant
1456,0562939,Peri,Nicola Bryant
1457,0811716,Peri,Nicola Bryant
1458,0811717,Peri,Nicola Bryant
1459,0811718,Peri,Nicola Bryant
1460,0562861,Peri,Nicola Bryant
1461,0811814,Peri,Nicola Bryant
1462,0811815,Peri,Nicola Bryant
1463,0811816,Peri,Nicola Bryant
1464,0562884,Melanie,Bonnie Langford
1465,0811850,Melanie,Bonnie Langford
1466,0811851,Melanie,Bonnie Langford
1467,0811852,Melanie,Bonnie Langford
1468,0562970,Melanie,Bonnie Langford
1469,0811752,Melanie,Bonnie Langford
1470,0811752,Peri Brown,Nicola Bryant
1471,0562978,Melanie,Bonnie Langford
1472,0811756,Melanie,Bonnie Langford
1473,0811757,Melanie,Bonnie Langford
1474,0811758,Melanie,Bonnie Langford
1475,0562864,Melanie,Bonnie Langford
1476,0811820,Melanie,Bonnie Langford
1477,0811821,Melanie,Bonnie Langford
1478,0811822,Melanie,Bonnie Langford
1479,0562839,Melanie,Bonnie Langford
1480,0811665,Melanie,Bonnie Langford
1481,0811666,Melanie,Bonnie Langford
1482,0562841,Melanie,Bonnie Langford
1483,0562841,Ace,Sophie Aldred
1484,0811670,Melanie,Bonnie Langford
1485,0811670,Ace,Sophie Aldred
1486,0811671,Melanie,Bonnie Langford
1487,0811671,Ace,Sophie Aldred
1488,0562871,Ace,Sophie Aldred
1489,0562871,Dalek Battle Computer,John Leeson
1490,0811832,Ace,Sophie Aldred
1491,0811832,Dalek Battle Computer,John Leeson
1492,0811833,Ace,Sophie Aldred
1493,0811833,Dalek Battle Computer,John Leeson
1494,0811834,Ace,Sophie Aldred
1495,0562918,Ace,Sophie Aldred
1496,0811692,Ace,Sophie Aldred
1497,0811693,Ace,Sophie Aldred
1498,0562877,Ace,Sophie Aldred
1499,0562877,Tourist,Nicholas Courtney
1500,0811837,Ace,Sophie Aldred
1501,0811838,Ace,Sophie Aldred
1502,0562914,Ace,Sophie Aldred
1503,0811886,Ace,Sophie Aldred
1504,0811887,Ace,Sophie Aldred
1505,0811888,Ace,Sophie Aldred
1506,0562831,Ace,Sophie Aldred
1507,0562831,Morgaine,Jean Marsh
1508,0562831,Brigadier Lethbridge-Stewart,Nicholas Courtney
1509,0811655,Ace,Sophie Aldred
1510,0811655,Morgaine,Jean Marsh
1511,0811655,Brigadier Lethbridge-Stewart,Nicholas Courtney
1512,0811656,Ace,Sophie Aldred
1513,0811656,Morgaine,Jean Marsh
1514,0811656,Brigadier Lethbridge-Stewart,Nicholas Courtney
1515,0811657,Ace,Sophie Aldred
1516,0811657,Morgaine,Jean Marsh
1517,0811657,Brigadier Lethbridge-Stewart,Nicholas Courtney
1518,0562851,Ace,Sophie Aldred
1519,0811687,Ace,Sophie Aldred
1520,0811688,Ace,Sophie Aldred
1521,0562902,Ace,Sophie Aldred
1522,0811877,Ace,Sophie Aldred
1523,0811878,Ace,Sophie Aldred
1524,0811879,Ace,Sophie Aldred
1525,0562881,Ace,Sophie Aldred
1526,0811845,Ace,Sophie Aldred
1527,0811846,Ace,Sophie Aldred
1528,0562992,Rose Tyler,Billie Piper
1529,0562992,Mickey Smith,Noel Clarke
1530,0562997,Rose Tyler,Billie Piper
1531,0563001,Rose Tyler,Billie Piper
1532,0562985,Rose Tyler,Billie Piper
1533,0562985,Mickey Smith,Noel Clarke
1534,0563003,Rose Tyler,Billie Piper
1535,0563003,Mickey Smith,Noel Clarke
1536,0562988,Rose Tyler,Billie Piper
1537,0562988,Adam Mitchell,Bruno Langley
1538,0562999,Rose Tyler,Billie Piper
1539,0562999,Adam Mitchell,Bruno Langley
1540,0562989,Rose Tyler,Billie Piper
1541,0562996,Rose Tyler,Billie Piper
1542,0562996,Jack Harkness,John Barrowman
1543,0562995,Rose Tyler,Billie Piper
1544,0562995,Jack,John Barrowman
1545,0562987,Rose Tyler,Billie Piper
1546,0562987,Captain Jack,John Barrowman
1547,0562987,Mickey Smith,Noel Clarke
1548,0562986,Rose Tyler,Billie Piper
1549,0562986,Captain Jack,John Barrowman
1550,0563000,Rose Tyler,Billie Piper
1551,0563000,Captain Jack,John Barrowman
1552,0563000,Mickey Smith,Noel Clarke
1553,0562994,Rose Tyler,Billie Piper
1554,0562994,Mickey Smith,Noel Clarke
1555,0562990,Rose Tyler,Billie Piper
1556,0562990,Mickey Smith,Noel Clarke
1557,0563002,Rose Tyler,Billie Piper
1558,0562993,Rose Tyler,Billie Piper
1559,0562993,Mickey Smith,Noel Clarke
1560,0562993,Sarah Jane Smith,Elisabeth Sladen
1561,0562993,K-9,John Leeson
1562,0562998,Rose Tyler,Billie Piper
1563,0562998,Mickey Smith,Noel Clarke
1564,0562991,Rose Tyler,Billie Piper
1565,0562991,Mickey Smith,Noel Clarke
1566,0756447,Rose Tyler,Billie Piper
1567,0756447,Mickey Smith,Noel Clarke
1568,0756451,Rose Tyler,Billie Piper
1569,0772457,Rose Tyler,Billie Piper
1570,0756448,Rose Tyler,Billie Piper
1571,0766171,Rose Tyler,Billie Piper
1572,0756446,Rose Tyler,Billie Piper
1573,0756449,Rose Tyler,Billie Piper
1574,0756449,Mickey Smith,Noel Clarke
1575,0756449,Adeola,Freema Agyeman
1576,0756450,Rose Tyler,Billie Piper
1577,0756450,Mickey Smith,Noel Clarke
1578,0756450,The Bride,Catherine Tate
1579,0827573,Donna Noble,Catherine Tate
1580,0827573,Rose Tyler,Billie Piper
1581,0974728,Martha Jones,Freema Agyeman
1582,0974729,Martha Jones,Freema Agyeman
1583,1000253,Martha Jones,Freema Agyeman
1584,0993186,Martha Jones,Freema Agyeman
1585,0996572,Martha Jones,Freema Agyeman
1586,1000257,Martha Jones,Freema Agyeman
1587,1000251,Martha Jones,Freema Agyeman
1588,1000254,Martha Jones,Freema Agyeman
1589,1000256,Martha Jones,Freema Agyeman
1590,1000252,Martha Jones,Freema Agyeman
1591,1000259,Martha Jones,Freema Agyeman
1592,1000259,Captain Jack Harkness,John Barrowman
1593,1000259,Rose Tyler,Billie Piper
1594,1000258,Martha Jones,Freema Agyeman
1595,1000258,Captain Jack Harkness,John Barrowman
1596,1000255,Martha Jones,Freema Agyeman
1597,1000255,Captain Jack Harkness,John Barrowman
1598,1061123,Astrid Peth,Kylie Minogue
1599,1061123,Wilfred Mott,Bernard Cribbins
1600,1159991,Donna Noble,Catherine Tate
1601,1159991,Rose Tyler,Billie Piper
1602,1159991,Wilfred Mott,Bernard Cribbins
1603,1173173,Donna Noble,Catherine Tate
1604,1173173,Soothsayer,Karen Gillan
1605,1173174,Donna Noble,Catherine Tate
1606,1159992,Donna Noble,Catherine Tate
1607,1159992,Martha Jones,Freema Agyeman
1608,1159992,Wilfred Mott,Bernard Cribbins
1609,1208127,Donna Noble,Catherine Tate
1610,1208127,Martha Jones,Freema Agyeman
1611,1208127,Rose Tyler,Billie Piper
1612,1208127,Wilfred Mott,Bernard Cribbins
1613,1205439,Donna Noble,Catherine Tate
1614,1205439,Martha Jones,Freema Agyeman
1615,1208130,Donna Noble,Catherine Tate
1616,1208129,Donna Noble,Catherine Tate
1617,1208129,River Song,Alex Kingston
1618,1205440,Donna Noble,Catherine Tate
1619,1205440,River Song,Alex Kingston
1620,1208128,Donna Noble,Catherine Tate
1621,1208128,Rose Tyler,Billie Piper
1622,1205436,Donna Noble,Catherine Tate
1623,1205436,Rose Tyler,Billie Piper
1624,1205436,Wilfred Mott,Bernard Cribbins
1625,1205436,Sarah Jane Smith,Elisabeth Sladen
1626,1205437,Donna Noble,Catherine Tate
1627,1205437,Rose Tyler,Billie Piper
1628,1205437,Martha Jones,Freema Agyeman
1629,1205437,Captain Jack Harkness,John Barrowman
1630,1205437,Sarah Jane Smith,Elisabeth Sladen
1631,1205437,Wilfred Mott,Bernard Cribbins
1632,1205438,Donna Noble,Catherine Tate
1633,1205438,Rose Tyler,Billie Piper
1634,1205438,Martha Jones,Freema Agyeman
1635,1205438,Captain Jack Harkness,John Barrowman
1636,1205438,Sarah Jane Smith,Elisabeth Sladen
1637,1205438,Mickey Smith,Noel Clarke
1638,1205438,Wilfred Mott,Bernard Cribbins
1639,1205438,K-9,John Leeson
1640,1205438,River Song,Alex Kingston
1641,1205438,Astrid Peth,Kylie Minogue
1642,1321969,Jackson Lake,David Morrissey
1643,1337072,Christina,Michelle Ryan
1644,1415016,Wilfred Mott,Bernard Cribbins
1645,1415016,Donna Noble,Catherine Tate
1646,1415016,Martha Jones,Freema Agyeman
1647,1415017,Wilfred Mott,Bernard Cribbins
1648,1415017,Donna Noble,Catherine Tate
1649,1415017,Rose Tyler,Billie Piper
1650,1415017,Captain Jack Harkness,John Barrowman
1651,1415017,Martha Smith-Jones,Freema Agyeman
1652,1415017,Mickey Smith,Noel Clarke
1653,1415017,Sarah Jane Smith,Elisabeth Sladen
1654,1577256,Amy Pond,Karen Gillan
1655,1577256,Rory Williams,Arthur Darvill
1656,1577257,Amy Pond,Karen Gillan
1657,1577258,Amy Pond,Karen Gillan
1658,1577259,Amy Pond,Karen Gillan
1659,1577259,River Song,Alex Kingston
1660,1589021,Amy Pond,Karen Gillan
1661,1589021,River Song,Alex Kingston
1662,1591787,Amy Pond,Karen Gillan
1663,1591787,Rory,Arthur Darvill
1664,1591788,Amy Pond,Karen Gillan
1665,1591788,Rory,Arthur Darvill
1666,1591789,Amy Pond,Karen Gillan
1667,1591789,Rory,Arthur Darvill
1668,1591790,Amy Pond,Karen Gillan
1669,1591790,Rory,Arthur Darvill
1670,1591786,Amy Pond,Karen Gillan
1671,1607757,Amy Pond,Karen Gillan
1672,1607757,Craig,James Corden
1673,1607757,Rose Tyler,Billie Piper
1674,1607758,Amy Pond,Karen Gillan
1675,1607758,River Song,Alex Kingston
1676,1607758,Rory,Arthur Darvill
1677,1607759,Amy Pond,Karen Gillan
1678,1607759,River Song,Alex Kingston
1679,1607759,Rory,Arthur Darvill
1680,1672218,Amy Pond,Karen Gillan
1681,1672218,Rory,Arthur Darvill
1682,1723888,Amy Pond,Karen Gillan
1683,1723888,Rory,Arthur Darvill
1684,1723888,River Song,Alex Kingston
1685,1723889,Amy Pond,Karen Gillan
1686,1723889,Rory,Arthur Darvill
1687,1723889,River Song,Alex Kingston
1688,1721225,Amy Pond,Karen Gillan
1689,1721225,Rory,Arthur Darvill
1690,1721226,Amy Pond,Karen Gillan
1691,1721226,Rory,Arthur Darvill
1692,1777783,Amy Pond,Karen Gillan
1693,1777783,Rory,Arthur Darvill
1694,1777782,Amy Pond,Karen Gillan
1695,1777782,Rory,Arthur Darvill
1696,1795142,Amy Pond,Karen Gillan
1697,1795142,Rory,Arthur Darvill
1698,1795142,River Song,Alex Kingston
1699,1795142,Martha Jones,Freema Agyeman
1700,1795142,Rose Tyler,Billie Piper
1701,1795142,Donna Noble,Catherine Tate
1702,1795143,Amy Pond,Karen Gillan
1703,1795143,Rory,Arthur Darvill
1704,1795139,Amy Pond,Karen Gillan
1705,1795139,Rory,Arthur Darvill
1706,1795140,Amy Pond,Karen Gillan
1707,1795140,Rory,Arthur Darvill
1708,1795141,Amy Pond,Karen Gillan
1709,1795141,Rory,Arthur Darvill
1710,1795141,Craig Owens,James Corden
1711,1795141,River Song,Alex Kingston
1712,1824359,Amy Pond,Karen Gillan
1713,1824359,Rory,Arthur Darvill
1714,1824359,River Song,Alex Kingston
1715,1998643,Amy Pond,Karen Gillan
1716,1998643,Rory Williams,Arthur Darvill
1717,2402301,Amy Pond,Karen Gillan
1718,2402301,Rory Williams,Arthur Darvill
1719,2402301,Oswin,Jenna Coleman
1720,2317659,Amy Pond,Karen Gillan
1721,2317659,Rory Williams,Arthur Darvill
1722,2340501,Amy Pond,Karen Gillan
1723,2340501,Rory Williams,Arthur Darvill
1724,2399633,Amy Pond,Karen Gillan
1725,2399633,Rory Williams,Arthur Darvill
1726,2378951,Amy Pond,Karen Gillan
1727,2378951,Rory Williams,Arthur Darvill
1728,2378951,River Song,Alex Kingston
1729,2380513,Clara,Jenna Coleman
1730,2222152,Clara,Jenna Coleman
1731,2284610,Clara,Jenna Coleman
1732,2267312,Clara,Jenna Coleman
1733,2267332,Clara,Jenna Coleman
1734,2267326,Clara,Jenna Coleman
1735,2267326,Martha Jones,Freema Agyeman
1736,2267326,Susan Foreman,Carole Ann Ford
1737,2267326,Amy Pond,Karen Gillan
1738,2267326,Jo Grant,Katy Manning
1739,2267326,Ian Chesterton,William Russell
1740,2204480,Clara,Jenna Coleman
1741,2267338,Clara,Jenna Coleman
1742,2267346,Clara,Jenna Coleman
1743,2267346,River Song,Alex Kingston
1744,2779318,Clara,Jenna Coleman
1745,2986512,Clara,Jenna Coleman
1746,2986512,Amy Pond,Karen Gillan
1747,3469416,Clara,Jenna Coleman
1748,3737226,Clara,Jenna Coleman
1749,3714112,Clara,Jenna Coleman
1750,3745430,Clara,Jenna Coleman
1751,3845940,Clara,Jenna Coleman
1752,3845938,Clara Oswald,Jenna Coleman
1753,3787384,Clara,Jenna Coleman
1754,3787400,Clara,Jenna Coleman
1755,3834038,Clara,Jenna Coleman
1756,3834040,Clara,Jenna Coleman
1757,3834042,Clara,Jenna Coleman
1758,3834044,Clara,Jenna Coleman
1759,3834044,Brigadier Lethbridge-Stewart,Nicholas Courtney
1760,4050552,Clara Oswald,Jenna Coleman
1761,4289846,Clara,Jenna Coleman
1762,4464958,Clara,Jenna Coleman
1763,4483506,Clara,Jenna Coleman
1764,4483520,Clara,Jenna Coleman
1765,4507160,Clara,Jenna Coleman
1766,4507160,Donna Noble,Catherine Tate
1767,4545140,Clara,Jenna Coleman
1768,4787004,Clara,Jenna Coleman
1769,4701538,Clara,Jenna Coleman
1770,4701542,Clara,Jenna Coleman
1771,4701544,Clara,Jenna Coleman
1772,4701546,River Song,Alex Kingston
1773,4701546,Nardole,Matt Lucas
1774,5163494,Nardole,Matt Lucas
1775,5848216,Bill Potts,Pearl Mackie
1776,5848216,Nardole,Matt Lucas
1777,5985750,Bill,Pearl Mackie
1778,5985750,Nardole,Matt Lucas
1779,5985752,Bill,Pearl Mackie
1780,5985752,Nardole,Matt Lucas
1781,5985754,Bill,Pearl Mackie
1782,5985754,Nardole,Matt Lucas
1783,6250146,Bill,Pearl Mackie
1784,6250146,Nardole,Matt Lucas
1785,6340130,Bill,Pearl Mackie
1786,6340130,Nardole,Matt Lucas
1787,6336800,Bill,Pearl Mackie
1788,6336800,Nardole,Matt Lucas
1789,6333372,Bill,Pearl Mackie
1790,6333372,Nardole,Matt Lucas
1791,6340134,Bill,Pearl Mackie
1792,6340134,Nardole,Matt Lucas
1793,6250158,Bill,Pearl Mackie
1794,6250158,Nardole,Matt Lucas
1795,6340138,Bill,Pearl Mackie
1796,6340138,Nardole,Matt Lucas
1797,6340142,Bill,Pearl Mackie
1798,6340142,Nardole,Matt Lucas
1799,6340142,Martha Jones,Freema Agyeman
1800,6340142,Jack Harkness,John Barrowman
1801,6340142,Clara,Jenna Coleman
1802,6340142,Amy Pond,Karen Gillan
1803,6340142,River Song,Alex Kingston
1804,6340142,Rose Tyler,Billie Piper
1805,6340142,Sarah Jane Smith,Elisabeth Sladen
1806,6340142,Donna Noble,Catherine Tate
1807,6968542,Bill,Pearl Mackie
1808,6968542,Clara,Jenna Coleman
1809,6968542,Nardole,Matt Lucas
1810,6968542,Polly,Anneke Wills
1811,6968542,Ben,Michael Craze
1812,7542168,Graham O'Brien,Bradley Walsh
1813,7542168,Ryan Sinclair,Tosin Cole
1814,7542168,Yasmin Khan,Mandip Gill
1815,7558994,Graham O'Brien,Bradley Walsh
1816,7558994,Ryan Sinclair,Tosin Cole
1817,7558994,Yasmin Khan,Mandip Gill
1818,7689190,Graham O'Brien,Bradley Walsh
1819,7689190,Ryan Sinclair,Tosin Cole
1820,7689190,Yasmin Khan,Mandip Gill
1821,7689200,Graham O'Brien,Bradley Walsh
1822,7689200,Ryan Sinclair,Tosin Cole
1823,7689200,Yasmin Khan,Mandip Gill
1824,7693260,Graham O'Brien,Bradley Walsh
1825,7693260,Yasmin Khan,Mandip Gill
1826,7693260,Ryan Sinclair,Tosin Cole
1827,7693262,Graham O'Brien,Bradley Walsh
1828,7693262,Ryan Sinclair,Tosin Cole
1829,7693262,Yasmin Khan,Mandip Gill
1830,7693268,Graham O'Brien,Bradley Walsh
1831,7693268,Yasmin Khan,Mandip Gill
1832,7693268,Ryan Sinclair,Tosin Cole
1833,7693274,Graham O'Brien,Bradley Walsh
1834,7693274,Ryan Sinclair,Tosin Cole
1835,7693274,Yasmin Khan,Mandip Gill
1836,7693276,Graham O'Brien,Bradley Walsh
1837,7693276,Ryan Sinclair,Tosin Cole
1838,7693276,Yasmin Khan,Mandip Gill
1839,7693280,Graham O'Brien,Bradley Walsh
1840,7693280,Ryan Sinclair,Tosin Cole
1841,7693280,Yasmin Khan,Mandip Gill
1842,8758636,Graham O'Brien,Bradley Walsh
1843,8758636,Ryan Sinclair,Tosin Cole
1844,8758636,Yasmin Khan,Mandip Gill
1845,9354122,Graham O'Brien,Bradley Walsh
1846,9354122,Yasmin Khan,Mandip Gill
1847,9354122,Ryan Sinclair,Tosin Cole
1848,9354166,Graham O'Brien,Bradley Walsh
1849,9354166,Ryan Sinclair,Tosin Cole
1850,9354166,Yasmin Khan,Mandip Gill
1851,9354208,Graham O'Brien,Bradley Walsh
1852,9354208,Ryan Sinclair,Tosin Cole
1853,9354208,Yasmin Khan,Mandip Gill
1854,9354212,Graham O'Brien,Bradley Walsh
1855,9354212,Ryan Sinclair,Tosin Cole
1856,9354212,Yasmin Khan,Mandip Gill
1857,9354216,Graham O'Brien,Bradley Walsh
1858,9354216,Yasmin Khan,Mandip Gill
1859,9354216,Ryan Sinclair,Tosin Cole
1860,9354216,Captain Jack Harkness,John Barrowman
1861,9354222,Graham O'Brien,Bradley Walsh
1862,9354222,Ryan Sinclair,Tosin Cole
1863,9354222,Yasmin Khan,Mandip Gill
1864,9361014,Graham O'Brien,Bradley Walsh
1865,9361014,Yasmin Khan,Mandip Gill
1866,9361014,Ryan Sinclair,Tosin Cole
1867,9361038,Graham O'Brien,Bradley Walsh
1868,9361038,Ryan Sinclair,Tosin Cole
1869,9361038,Yasmin Khan,Mandip Gill
1870,9361042,Graham O'Brien,Bradley Walsh
1871,9361042,Yasmin Khan,Mandip Gill
1872,9361042,Ryan Sinclair,Tosin Cole
1873,9361046,Graham O'Brien,Bradley Walsh
1874,9361046,Ryan Sinclair,Tosin Cole
1875,9361046,Yasmin Khan,Mandip Gill
1876,9361046,Captain Jack Harkness,John Barrowman
1877,9361046,Clara Oswald,Jenna Coleman
1878,9361046,Wilfred Mott,Bernard Cribbins
1879,9361046,Rory Williams,Arthur Darvill
1880,9361046,Amy Pond,Karen Gillan
1881,9361046,River Song,Alex Kingston
1882,9361046,Bill Potts,Pearl Mackie
1883,9361046,Jo Grant,Katy Manning
1884,9361046,Rose Tyler,Billie Piper
1885,9361046,Donna Noble,Catherine Tate
1886,11892730,Graham O'Brien,Bradley Walsh
1887,11892730,Ryan Sinclair,Tosin Cole
1888,11892730,Yasmin Khan,Mandip Gill
1889,11892730,Captain Jack Harkness,John Barrowman
